ACT,http://www.act.org/,,ACT,Test,y,active
CLEP,http://www.collegeboard.com,,CLEP,Test,y,active
NMSQT,http://www.collegeboard.com,,NMSQT,Test,y,active
AP,http://www.collegeboard.com,,AP,Test,y,active
GMAT,http://www.gmac.com/,,GMAT,Test,y,active
GRE,http://www.gre.org/ttindex.html,,GRE,Test,y,active
LSAT,http://www.lsac.org/,,LSAT,Test,y,active
MCAT,http://www.aamc.org/students/mcat/start.htm,,MCAT,Test,y,active
PSAT,http://www.collegeboard.com,,PSAT,Test,y,active
SAT,http://www.collegeboard.com,,SAT,Test,y,active
SAT II ,http://www.collegeboard.com,,SAT II,Test,y,active
AcceptanceLetter.com,http://www.acceptanceletter.com,,,Test Prep,n,active
"AdmissionsConsultants, Inc. ",http://www.shareasale.com/r.cfm?b=25394&u=127355&m=6275&urllink=&afftrack=,,,Test Prep,n,active
ACT Secrets!,http://www.mcssl.com/app/aftrack.asp?AFID=167299&u=www.act-secrets.com,,ACT,Test Prep,n,active
Future Doctor,http://www.futuredoctor.net,,MCAT,Test Prep,n,active
Get Prepped,http://www.GetPrepped.com,,,Test Prep,n,active
"Gorilla Test Prep - GMAT, GRE, LSAT and SAT courses ",http://www.gorillatestprep.com/,,GMAT,Test Prep,n,active
"Gorilla Test Prep - GMAT, GRE, LSAT and SAT courses ",http://www.gorillatestprep.com/,,GRE,Test Prep,n,active
"Gorilla Test Prep - GMAT, GRE, LSAT and SAT courses ",http://www.gorillatestprep.com/,,LSAT,Test Prep,n,active
"Gorilla Test Prep - GMAT, GRE, LSAT and SAT courses ",http://www.gorillatestprep.com/,,SAT,Test Prep,n,active
"House of Tutors - Austin, TX",http://www.houseoftutors.com/,,,Test Prep,n,active
"Integrated Learning - GMAT, GRE, LSAT & SAT",http://www.integratedlearning.net/,,GMAT,Test Prep,n,active
"Integrated Learning - GMAT, GRE, LSAT & SAT",http://www.integratedlearning.net/,,GRE,Test Prep,n,active
"Integrated Learning - GMAT, GRE, LSAT & SAT",http://www.integratedlearning.net/,,LSAT,Test Prep,n,active
"Integrated Learning - GMAT, GRE, LSAT & SAT",http://www.integratedlearning.net/,,SAT,Test Prep,n,active
Kaplan,http://click.linksynergy.com/fs-bin/stat?id=1YnI61oEHRY&offerid=47491&type=3&subid=0,,,Test Prep,n,active
LSAT Intensive Review,http://www.prepmaster.com,,LSAT,Test Prep,n,active
LSAT Secrets!,http://www.mcssl.com/app/aftrack.asp?AFID=167299&u=www.lsat-secrets.com,,LSAT,Test Prep,n,active
MCAT-Prep,http://www.mcat-prep.com,,MCAT,Test Prep,n,active
The MCAT Professor,http://www.mcatprofessor.com/,,MCAT,Test Prep,n,active
MCAT Secrets! ,http://www.mcssl.com/app/aftrack.asp?AFID=167299&u=www.mcat-secrets.com,,MCAT,Test Prep,n,active
The OAT Professor,http://www.oatprofessor.com/,,OAT,Test Prep,n,active
The PCAT Professor ,http://www.pcatprofessor.com/,,PCAT,Test Prep,n,active
Power Score,http://www.powerscore.com/,,,Test Prep,n,active
SAT Best Prep,http://www.bestprep.com/,,SAT,Test Prep,n,active
SAT Method,http://www.satmethod.com/,,SAT,Test Prep,n,active
SAT Secrets!,http://www.mcssl.com/app/aftrack.asp?AFID=167299&u=www.secretsstudyguide.com/sat/,,SAT,Test Prep,n,active
TestMasters 180,http://www.testmasters180.com,,LSAT,Test Prep,n,active
Test Prep,http://www.testprep.com/,,,Test Prep,n,active
Test Prep Review,http://www.testprepreview.com,,,Test Prep,n,active
Test Prep Rankings,http://www.Test-Preparation.net,,,Test Prep,n,active
The Princeton Review,http://www.review.com,,,Test Prep,n,active
Upstart Raising,http://www.upstartraising.com/,GMAT Online Educational Software,GMAT,Test Prep,n,active
ACMNC GRE and GMAT Prep!,http://www.acmnc.com/,,ACMNC,Test Prep,n,active
ACMNC GRE and GMAT Prep!,http://www.acmnc.com/,,GMAT,Test Prep,n,active
ACMNC GRE and GMAT Prep!,http://www.acmnc.com/,,GRE,Test Prep,n,active
"800 Score - GMAT, GRE",http://www.800score.com/,,GMAT,Test Prep,n,active
"800 Score - GMAT, GRE",http://www.800score.com/,,GRE,Test Prep,n,active
Word Hacker,http://www.wordhacker.com,GRE and TOEFL vocabulary builder ,GRE,Test Prep,n,active
Word Hacker,http://www.wordhacker.com,GRE and TOEFL vocabulary builder ,TOEFL,Test Prep,n,active
Stuff For College,http://www.StuffForCollege.com,make sure you have what you need when you get to your dorm room.,,College,n,active
Scholarship Help,http://www.scholarshiphelp.org,scholarships can be confusing but this site sorts it all out,,College,n,active
Education-Portal.com,http://education-portal.com,Research colleges and career schools that offer the degree you want and in the areas you want to live. Schools are independently researched and categorized.,,College,n,active
Law School Discussion Forum,http://www.lawschooldiscussion.org,One of the best out there!,,Forum,n,active
"LSAT, SAT, GMAT, and GRE forum - from TestMagic!",http://testmagic.com/forum/,,,Forum,n,active
MCAT Medical School Forum,http://www.medicalschool.ws/cgi-bin/forum/forum.cgi?board=mcat,,,Forum,n,active
MomMD,http://www.mommd.com,A wonderful place for female medical professionals! ,,Forum,n,active
